Customer Name,Address
Shawna Allison,"671 Thomas Dr,Twin Falls, ID 83301"
Christina Sutton,"9014 Evergreen Street,North Ridgeville, OH 44039"
Wilma Torres,"847 E Buckingham Lane,Bartlett, IL 60103"
Lionel Patterson,"42 W Sleepy Hollow Road,Corpus Christi, TX 78418"
Faith Mcgee,"9150 Main Street,Cottage Grove, MN 55016"
Judy Graves,"7711 Colonial Drive,Omaha, NE 68107"
Ian Mendoza,"178 Lincoln Road,Niceville, FL 32578"
Leah Figueroa,"57 Glendale Lane,Soddy Daisy, TN 37379"
Tony Perez,"193 3rd Dr,Waukegan, IL 60085"
Steven Boone,"119 Winchester Drive,San Diego, CA 92111"
Rickey Gray,"34 Carson Rd,Menomonee Falls, WI 53051"
Milton Kim,"100 Brown Lane,Littleton, CO 80123"
Morris Greene,"135 S Creek Drive,Cedar Rapids, IA 52402"
Kelley Silva,"27 Marlborough Lane,Meadville, PA 16335"
Antoinette Burke,"573 Beech Ave,Richmond, VA 23223"
Tyler Collier,"8591 SE Campfire Dr,Fargo, ND 58102"
Kristin Curry,"623 Dunbar Lane,Bozeman, MT 59715"
Diane Ball,"7595 Annadale Rd,North Augusta, SC 29841"
Sophia Mckinney,"16 Clark St,Wilmington, MA 01887"
Christopher Gomez,"537 Redwood Rd,Findlay, OH 45840"
Miguel Bates,"709 Princeton Ave,Naugatuck, CT 06770"
Shannon Harrington,"216 Bear Hill St,Chester, PA 19013"
Deborah Garner,"455 Piper Court,Orlando, FL 32806"
Anne Gregory,"9592 Clinton Ave,Urbandale, IA 50322"
Tina Cannon,"960 Winding Way St,Allen Park, MI 48101"
Ernesto Goodman,"6 E Tailwater Rd,Grovetown, GA 30813"
Mabel Dennis,"119 Logan Street,Catonsville, MD 21228"
Bert Lynch,"9117 River Rd,Hyattsville, MD 20782"
Irvin Sparks,"85 Longbranch Street,Mundelein, IL 60060"
Alyssa Schwartz,"20 Williams Street,Fleming Island, FL 32003"
Gwendolyn Logan,"351 Broad Court,Saratoga Springs, NY 12866"
Ramona Douglas,"231 Piper Drive,Spring Valley, NY 10977"
Desiree Turner,"480 Schoolhouse St,Woodstock, GA 30188"
Alton Soto,"7897 Peg Shop St,South Richmond Hill, NY 11419"
Beatrice Hall,"532 N Oak Valley Lane,Livingston, NJ 07039"
Kellie Bryan,"949 NE Vernon Road,Port Orange, FL 32127"
Randall Obrien,"8197 Fremont St,Cranston, RI 02920"
Israel Flores,"325 Broad Drive,Methuen, MA 01844"
Melanie Guzman,"9231 Oak Valley St,New Windsor, NY 12553"
Janis Stevenson,"9996 Studebaker Rd,Mount Vernon, NY 10550"
Tonya Todd,"501 N College Drive,Canandaigua, NY 14424"
Edgar Knight,"102 SE Brandywine Dr,Conyers, GA 30012"
Kendra Roberson,"8581 Glendale Drive,Grayslake, IL 60030"
Alvin Briggs,"71 Baker Dr,Hampton, VA 23666"
Gretchen Ortiz,"84 Valley View Drive,Carlisle, PA 17013"
Casey Perry,"563 Sycamore St,Avon, IN 46123"
Myron Wood,"852 Albany Road,Ocean Springs, MS 39564"
Gladys Robertson,"688 South Riverview Street,Clementon, NJ 08021"
Juan Peters,"24 Addison Avenue,Pittsburgh, PA 15206"
Stewart Berry,"8290 Albany Street,Lincolnton, NC 28092"
Allan Lopez,"8148 Surrey Dr,Grand Rapids, MI 49503"
Yvonne Robbins,"877 Brandywine St,Woodside, NY 11377"
Cesar Barnett,"9069 Rockledge Ave,Lincoln Park, MI 48146"
Cecil Hunt,"7676 Hartford Street,Monroeville, PA 15146"
Velma Hardy,"62 Lexington Drive,Eastpointe, MI 48021"
Joanna Griffin,"846 Sierra St,Coventry, RI 02816"
Lisa Walters,"59 Ketch Harbour St,Brandon, FL 33510"
Marian Wade,"8648 North Arch Street,Mansfield, MA 02048"
Stacy Smith,"583 Rockaway St,Alliance, OH 44601"
Bob Mckenzie,"8806 Marsh St,Ottawa, IL 61350"
Theresa Hale,"195 Fawn Ave,Eastlake, OH 44095"
Dewey Rowe,"275 Poor House Drive,Georgetown, SC 29440"
Melba Moran,"22 E Acacia Ave,Wallingford, CT 06492"
Kenneth Reyes,"59 Pin Oak St,Roslindale, MA 02131"
Tomas Tran,"7175 Carriage Ave,Oshkosh, WI 54901"
Gene Alvarez,"123 East Tarkiln Hill St,Ridgewood, NJ 07450"
Darla Lindsey,"96 Oklahoma St,Hollywood, FL 33020"
Lori Guerrero,"221 Water Rd,Garner, NC 27529"
Gregg Rogers,"14 Marvon Street,Wilson, NC 27893"
Kyle Tucker,"9043 High Ridge Dr,Levittown, NY 11756"
Wade Chambers,"8741 Shipley Lane,Rockford, MI 49341"
Jan Rios,"8 Fordham Ave,Wheaton, IL 60187"
Colleen Lowe,"900 Oak Valley St,Glen Cove, NY 11542"
Peggy Lucas,"2 North Argyle Ave,Mount Holly, NJ 08060"
Noah Bradley,"9150 North Myers Street,Centreville, VA 20120"
Pearl Waters,"18 Illinois St,Gibsonia, PA 15044"
Meghan Burgess,"925 St Louis Road,Goose Creek, SC 29445"
Angelica Crawford,"371A N Border Ave,Fair Lawn, NJ 07410"
James Bennett,"9888 W Riverview St,Sioux Falls, SD 57103"
Kelvin Holland,"8775 10th St,Gaithersburg, MD 20877"
Terrance Hunter,"524 West Hickory Dr,Utica, NY 13501"
Blanca Miller,"232 Lakewood Court,Lebanon, PA 17042"
Suzanne Tate,"505 Bradford St,Stockbridge, GA 30281"
David Jensen,"988 Bedford St,Knoxville, TN 37918"
Ana Bass,"7948 Lake Ave,Calumet City, IL 60409"
Shaun Butler,"12 Carriage Ave,Berwyn, IL 60402"
Ricardo Blair,"271 Old Glen Ridge St,Elk Grove Village, IL 60007"
Renee Vasquez,"7566 Shadow Brook Rd,Powder Springs, GA 30127"
Guillermo Martinez,"13 Cobblestone Rd,Springboro, OH 45066"
Monique Pearson,"426 Marconi St,Owensboro, KY 42301"
Trevor Taylor,"9793 East Inverness St,Hixson, TN 37343"
Raquel Potter,"7257 Blackburn Road,Glen Allen, VA 23059"
Jasmine Adams,"66 Smith Store St,Mechanicsburg, PA 17050"
Timmy Howell,"852 Saxton St,Garland, TX 75043"
Alfred Lewis,"142 North Brickyard St,Asheville, NC 28803"
Dallas Stanley,"907 Alton Dr,Palatine, IL 60067"
Juanita Phelps,"49 Wentworth Street,Amarillo, TX 79106"
